owner,name,language,stars,forks,created_at
wukongdaily,DockerTarBuilder,,257,2568,2024-06-15T08:44:31Z
ShiArthur03,ShiArthur03,MATLAB,4634,886,2024-07-08T11:32:35Z
fudan-generative-vision,hallo,Python,6614,819,2024-06-12T02:53:36Z
DeeCeeXxx,Queen_Anita-V2,JavaScript,302,665,2024-06-22T14:46:17Z
smallfawn,decode_action,JavaScript,230,567,2024-06-27T13:30:04Z
lorSrYaineZ49,windows-activation-key-gen,Python,7,468,2024-06-16T10:04:37Z
timxotJhVymedina,ethereum-vanity-address-generator,Python,5,466,2024-06-16T10:09:12Z
tina7B4Ks,BlackCap-Grabber-NoDualHook,Python,6,466,2024-06-16T10:08:55Z
Flogaonsmit9h,hidden-bitcoin-monero-miner,Python,2,454,2024-07-03T12:23:28Z
ricarzdoV0U7,W4SP-Stealer,Python,2,453,2024-07-06T08:39:20Z
